author,local_guide_info,rating,review,date,text_backup
B Lana,35 rese√±as ¬∑ 245 fotos,5 estrellas,"Espectacular!!! Probablemente uno de los restaurantes con mejor cocina de Zaragoza y a un precio mucho m√°s que razonable. Probamos muchos platos (tomate en 4 texturas, carpaccio de presa, canel√≥n de carne rustida, ravioli de setas, brandada de bacalao...) y todos estaban impresionantes. Nos encantaron tambi√©n la sobrasada con miel casera y fritada de verduras de Arag√≥n y la tarta de manzana del rev√©s, super original. No dej√©is de probarlas! Despista el nombre de cervecer√≠a, porque realmente aqu√≠ hay cocina. Ambiente muy acogedor y con buena m√∫sica de fondo. Volveremos seguro! Gracias por hacernos disfrutar tanto :-)",Hace 2 meses,"B Lana
35 rese√±as ¬∑ 245 fotos
Óóî
Ó†∏
Ó†∏
Ó†∏
Ó†∏
Ó†∏
Hace 2 meses
Espectacular!!! Probablemente uno de los restaurantes con mejor cocina de Zaragoza y a un precio mucho m√°s que razonable. Probamos muchos platos (tomate en 4 texturas, carpaccio de presa, canel√≥n de carne rustida, ravioli de setas, brandada de bacalao...) y todos estaban impresionantes. Nos encantaron tambi√©n la sobrasada con miel casera y fritada de verduras de Arag√≥n y la tarta de manzana del rev√©s, super original. No dej√©is de probarlas! Despista el nombre de cervecer√≠a, porque realmente aqu√≠ hay cocina. Ambiente muy acogedor y con buena m√∫sica de fondo. Volveremos seguro! Gracias por hacernos disfrutar tanto :-)
Precio por persona
30-40 ‚Ç¨
Comida: 5
Servicio: 5
Ambiente: 5
13 m√°s
Ó£ú
Me gusta
Ó†ç
Compartir"
Beatriz N.,Local Guide ¬∑ 28 rese√±as ¬∑ 8 fotos,5 estrellas,"La comida es excepcional! Las migas, las croquetas, los langostinos en tempura, la panceta y los postres. Merece la pena probarlo!! El restaurante es muy sencillo en cuanto a decoraci√≥n. Pero lo suplen con la comida tan rica que sirven. Repetiremos y recomendamos!!",Hace 2 meses,"Beatriz N.
Local Guide ¬∑ 28 rese√±as ¬∑ 8 fotos
Óóî
Ó†∏
Ó†∏
Ó†∏
Ó†∏
Ó†∏
Hace 2 meses
La comida es excepcional! Las migas, las croquetas, los langostinos en tempura, la panceta y los postres. Merece la pena probarlo!! El restaurante es muy sencillo en cuanto a decoraci√≥n. Pero lo suplen con la comida tan rica que sirven. Repetiremos y recomendamos!!
Comida: 5
Servicio: 4
Ambiente: 4
3 m√°s
Ó£ú
Me gusta
Ó†ç
Compartir"
Silvia Carbonell,3 rese√±as ¬∑ 6 fotos,5 estrellas,"Cenamos en familia y fue una experiencia gastron√≥mica sublime, enhorabuena por el gran trabajo que conlleva la creatividad junto con el gusto exquisito que deleita al paladar.
Trato educadisimo, no puedo decantarme por ning√∫n plato, todos mis favoritos.Hay que dejar sitio para los postres porque son una sorpresa. 10/10.",Hace un mes,"Silvia Carbonell
3 rese√±as ¬∑ 6 fotos
Óóî
Ó†∏
Ó†∏
Ó†∏
Ó†∏
Ó†∏
Hace un mes
Cenamos en familia y fue una experiencia gastron√≥mica sublime, enhorabuena por el gran trabajo que conlleva la creatividad junto con el gusto exquisito que deleita al paladar.
Trato educadisimo, no puedo decantarme por ning√∫n plato, todos mis favoritos.Hay que dejar sitio para los postres porque son una sorpresa. 10/10.
Precio por persona
20-30 ‚Ç¨
Comida: 5
Servicio: 5
Ambiente: 5
Platos recomendados
Brandada de Bacalao, Cremoso de Chocolate Blanco, Langostinos Crujientes, Tarta de Manzana Al Rev√©s Con Helado de Canela, Croquetas de Jam√≥n Y Gallina, Bandada de Bacalao Asadillo de Verduras Romesco Y Ajo Negro, Burrata Con Tomate Con Salmorejo, Carpaccio de Presa Iberica, Panceta Asada Mojo Rojo Y Chimichurri Casero Picante, Flan de Queso, Tartar de Tomate y Ravioli de Setas
3 m√°s
Ó£ú
Me gusta
Ó†ç
Compartir"
Carlos Casado,16 rese√±as ¬∑ 30 fotos,5 estrellas,"Espacio confortable a√∫n estando en la barra japonesa. Todo muy rico, croquetas de bacon, esp√°rrago, sobretodo el canel√≥n, y la tarta de manzana.

Por poner pegas, la raci√≥n de pan me parece escasa ya que la pagas, en cualquier caso detalle menor.

Repetiremos.",Hace 4 meses,"Carlos Casado
16 rese√±as ¬∑ 30 fotos
Óóî
Ó†∏
Ó†∏
Ó†∏
Ó†∏
Ó†∏
Hace 4 meses
Espacio confortable a√∫n estando en la barra japonesa. Todo muy rico, croquetas de bacon, esp√°rrago, sobretodo el canel√≥n, y la tarta de manzana.

Por poner pegas, la raci√≥n de pan me parece escasa ya que la pagas, en cualquier caso detalle menor.

Repetiremos.
Precio por persona
20-30 ‚Ç¨
Comida: 5
Servicio: 5
Ambiente: 5
Platos recomendados
Tarta de Manzana Al Rev√©s Con Helado de Canela
Ó£ú
Me gusta
Ó†ç
Compartir
Respuesta del propietario Hace 4 meses
Hola, muchas gracias por la rese√±a, el pan cobramos una vez y pod√©is repetir las veces que quer√°is. La pr√≥xima pedir el que os apetezca."
Carolina Gonzalez,Local Guide ¬∑ 54 rese√±as ¬∑ 66 fotos,5 estrellas,"SIEMPRE DE 10!
Hemos venido varias veces y tanto la comida como la atenci√≥n son insuperables. Todos los platos est√°n espectaculares, pero los ravioli y la panceta son de otro planeta üòç. Repetiremos!",Hace 3 semanas,"Carolina Gonzalez
Local Guide ¬∑ 54 rese√±as ¬∑ 66 fotos
Óóî
Ó†∏
Ó†∏
Ó†∏
Ó†∏
Ó†∏
Hace 3 semanas
NUEVA
SIEMPRE DE 10!
Hemos venido varias veces y tanto la comida como la atenci√≥n son insuperables. Todos los platos est√°n espectaculares, pero los ravioli y la panceta son de otro planeta üòç. Repetiremos!
Comida: 5
Servicio: 5
Ambiente: 5
Platos recomendados
Tarta de Manzana Al Rev√©s Con Helado de Canela, Panceta Asada Mojo Rojo Y Chimichurri Casero Picante y Ravioli de Setas
6 m√°s
Ó£ú
Me gusta
Ó†ç
Compartir"
NMJ,Local Guide ¬∑ 158 rese√±as ¬∑ 406 fotos,5 estrellas,"Fuimos recomendados por un amigo y fue todo un acierto.
La atenci√≥n desde que entramos fue espectacular, ambas camareras eran s√∫per amables y s√∫per atentas.
Probamos ambas croquetas y estaban buen√≠simas, el carpaccio es una raci√≥n generosa y muy sabrosa (combina espectacular con los kikos), el canel√≥n es una m a r a v i l l a!!, la panceta era muy tierna pero quiz√°s el chimichurri estaba muy alto en vinagre y se com√≠a mucho sabor. Tuvimos l suerte de encontrar fuera de carta un flan de queso, que est√° dentro de mis postres favoritos en toda zaragoza
Volveremos seguro
100% recomendable",Hace 6 meses,"NMJ
Local Guide ¬∑ 158 rese√±as ¬∑ 406 fotos
Óóî
Ó†∏
Ó†∏
Ó†∏
Ó†∏
Ó†∏
Hace 6 meses
Fuimos recomendados por un amigo y fue todo un acierto.
La atenci√≥n desde que entramos fue espectacular, ambas camareras eran s√∫per amables y s√∫per atentas.
Probamos ambas croquetas y estaban buen√≠simas, el carpaccio es una raci√≥n generosa y muy sabrosa (combina espectacular con los kikos), el canel√≥n es una m a r a v i l l a!!, la panceta era muy tierna pero quiz√°s el chimichurri estaba muy alto en vinagre y se com√≠a mucho sabor. Tuvimos l suerte de encontrar fuera de carta un flan de queso, que est√° dentro de mis postres favoritos en toda zaragoza
Volveremos seguro
100% recomendable
Precio por persona
30-40 ‚Ç¨
Comida: 5
Servicio: 5
Ambiente: 5
4 m√°s
Ó£ú
Me gusta
Ó†ç
Compartir"
BEATRIZ SANJOAQUIN,Local Guide ¬∑ 103 rese√±as ¬∑ 23 fotos,5 estrellas,"Un sitio muy interesante para visitar. El servicio es espectacular las dos personas que te atienden en sala son encantadoras, y ya con eso te han ganado. Si a eso le unimos una comida s√∫per rica‚Ä¶que m√°s puedes pedir!!!!",Hace 5 meses,"BEATRIZ SANJOAQUIN
Local Guide ¬∑ 103 rese√±as ¬∑ 23 fotos
Óóî
Ó†∏
Ó†∏
Ó†∏
Ó†∏
Ó†∏
Hace 5 meses
Un sitio muy interesante para visitar. El servicio es espectacular las dos personas que te atienden en sala son encantadoras, y ya con eso te han ganado. Si a eso le unimos una comida s√∫per rica‚Ä¶que m√°s puedes pedir!!!!
Precio por persona
20-30 ‚Ç¨
Comida: 5
Servicio: 5
Ambiente: 5
Platos recomendados
Cremoso de Chocolate Blanco, Burrata Con Tomate Con Salmorejo, Panceta Asada Mojo Rojo Y Chimichurri Casero Picante, Flan de Queso y Ravioli de Setas
0:08
3 m√°s
Ó£ú
Me gusta
Ó†ç
Compartir"
Cristina Q,9 rese√±as ¬∑ 14 fotos,5 estrellas,"Sitio de nivel. La comida relaci√≥n calidad-precio muy alta, ambiente muy acogedor y la atenci√≥n inmejorable. Para repetir sin duda.
¬°Y no te puedes ir sin probar la panceta asada!",Hace 8 meses,"Cristina Q
9 rese√±as ¬∑ 14 fotos
Óóî
Ó†∏
Ó†∏
Ó†∏
Ó†∏
Ó†∏
Hace 8 meses
Sitio de nivel. La comida relaci√≥n calidad-precio muy alta, ambiente muy acogedor y la atenci√≥n inmejorable. Para repetir sin duda.
¬°Y no te puedes ir sin probar la panceta asada!
Comida: 5
Servicio: 5
Ambiente: 5
Platos recomendados
Panceta Asada Mojo Rojo Y Chimichurri Casero Picante
Ó£ú
Me gusta
Ó†ç
Compartir"
Beatriz CD,Local Guide ¬∑ 40 rese√±as ¬∑ 48 fotos,5 estrellas,"Fuimos de celebraci√≥n,el sitio es peque√±o, de ambiente tranquilo, el trato es excelente y la comida es abundante as√≠ que es un buen sitio para compartir platos.
Sin duda es para repertir estaba todo delicioso, pedimos carpaccio de presa ib√©rica, un canel√≥n que estaba fuera de carta, y obviamente el plato estrella la panceta, el postre un sorbete espectacular presentacion incluida
Nota! Hay que reservar con antelaci√≥n porque es peque√±o el sitio.",Hace 6 meses,"Beatriz CD
Local Guide ¬∑ 40 rese√±as ¬∑ 48 fotos
Óóî
Ó†∏
Ó†∏
Ó†∏
Ó†∏
Ó†∏
Hace 6 meses
Fuimos de celebraci√≥n,el sitio es peque√±o, de ambiente tranquilo, el trato es excelente y la comida es abundante as√≠ que es un buen sitio para compartir platos.
Sin duda es para repertir estaba todo delicioso, pedimos carpaccio de presa ib√©rica, un canel√≥n que estaba fuera de carta, y obviamente el plato estrella la panceta, el postre un sorbete espectacular presentacion incluida
Nota! Hay que reservar con antelaci√≥n porque es peque√±o el sitio.
Precio por persona
30-40 ‚Ç¨
Comida: 5
Servicio: 5
Ambiente: 5
Ó£ú
1
Ó†ç
Compartir"
Daniel S√°nchez-Rubio,Local Guide ¬∑ 64 rese√±as ¬∑ 111 fotos,4 estrellas,"Es un sitio donde la comida es sencillamente de nivel. Comiendo bien, sales por unos 30-35‚Ç¨. La relaci√≥n calidad/precio es muy alta.
Le dar√≠a cinco estrellas, ya que tanto la comida como el servicio son de 10, pero hay un detalle y es que cobran el servicio de pan. Est√°n en su derecho de hacerlo, por supuesto, pero creo que es poco elegante en un sitio de calidad y adem√°s no lo advierten.

En resumen, totalmente recomendable!",Hace un a√±o,"Daniel S√°nchez-Rubio
Local Guide ¬∑ 64 rese√±as ¬∑ 111 fotos
Óóî
Ó†∏
Ó†∏
Ó†∏
Ó†∏
Ó†∏
Hace un a√±o
Es un sitio donde la comida es sencillamente de nivel. Comiendo bien, sales por unos 30-35‚Ç¨. La relaci√≥n calidad/precio es muy alta.
Le dar√≠a cinco estrellas, ya que tanto la comida como el servicio son de 10, pero hay un detalle y es que cobran el servicio de pan. Est√°n en su derecho de hacerlo, por supuesto, pero creo que es poco elegante en un sitio de calidad y adem√°s no lo advierten.

En resumen, totalmente recomendable!
Comida: 5
Servicio: 5
Ambiente: 5
Ó£ú
Me gusta
Ó†ç
Compartir"
Ana Lecha,Local Guide ¬∑ 231 rese√±as ¬∑ 779 fotos,5 estrellas,"Absolutamente todos los platos que probamos estaban buenos! Recomiendo encarecidamente la panceta, se deshac√≠a en la boca, nada grasa y s√∫per sabrosa. Si quieres sorprenderte la crema de cebolla es tu plato. Volveremos a seguir probando platos. Raciones abundantes y el personal muy atento y amable.",Hace un a√±o,"Ana Lecha
Local Guide ¬∑ 231 rese√±as ¬∑ 779 fotos
Óóî
Ó†∏
Ó†∏
Ó†∏
Ó†∏
Ó†∏
Hace un a√±o
Absolutamente todos los platos que probamos estaban buenos! Recomiendo encarecidamente la panceta, se deshac√≠a en la boca, nada grasa y s√∫per sabrosa. Si quieres sorprenderte la crema de cebolla es tu plato. Volveremos a seguir probando platos. Raciones abundantes y el personal muy atento y amable.
Precio por persona
20-30 ‚Ç¨
Comida: 5
Servicio: 5
Ambiente: 5
3 m√°s
Ó£ú
2
Ó†ç
Compartir"
Gustavo Novellon,Local Guide ¬∑ 69 rese√±as ¬∑ 985 fotos,5 estrellas,"Volvemos al 17punto10 y‚Ä¶ que gozada!!!

Un servicio muy bueno, en un local muy tranquilo para disfrutar de una carta genial, de las que te quedar√≠as una semana para acab√°rtela.

Que rico todo! Nunca me hab√≠a emocionado el carpaccio y con este flipamos mucho.

Genial para compartir platos, hasta 4 comensales, probar un poco de todo y salir muy contento.

Volveremos para seguir probando delicias.",Hace un a√±o,"Gustavo Novellon
Local Guide ¬∑ 69 rese√±as ¬∑ 985 fotos
Óóî
Ó†∏
Ó†∏
Ó†∏
Ó†∏
Ó†∏
Hace un a√±o
Volvemos al 17punto10 y‚Ä¶ que gozada!!!

Un servicio muy bueno, en un local muy tranquilo para disfrutar de una carta genial, de las que te quedar√≠as una semana para acab√°rtela.

Que rico todo! Nunca me hab√≠a emocionado el carpaccio y con este flipamos mucho.

Genial para compartir platos, hasta 4 comensales, probar un poco de todo y salir muy contento.

Volveremos para seguir probando delicias.
2 m√°s
Ó£ú
Me gusta
Ó†ç
Compartir"
Javier,Local Guide ¬∑ 82 rese√±as ¬∑ 66 fotos,4 estrellas,"El sitio est√° un poco escondido, dif√≠cil para aparcar pero la atenci√≥n recibida y los platos que pudimos probar fueron altamente satisfactorios. A destacar la crema de cebollas de fuentes, las croquetas. El local es amplio y por poner una pega, los postres eran un poco pesados y demasiado dulzones para nuestro gusto. En general, un restaurante con muy buenas maneras y buenos platos, cosa no f√°cil hoy en d√≠a",Hace 10 meses,"Javier
Local Guide ¬∑ 82 rese√±as ¬∑ 66 fotos
Óóî
Ó†∏
Ó†∏
Ó†∏
Ó†∏
Ó†∏
Hace 10 meses
El sitio est√° un poco escondido, dif√≠cil para aparcar pero la atenci√≥n recibida y los platos que pudimos probar fueron altamente satisfactorios. A destacar la crema de cebollas de fuentes, las croquetas. El local es amplio y por poner una pega, los postres eran un poco pesados y demasiado dulzones para nuestro gusto. En general, un restaurante con muy buenas maneras y buenos platos, cosa no f√°cil hoy en d√≠a
Precio por persona
40-50 ‚Ç¨
Comida: 4
Servicio: 4
Ambiente: 3
Ó£ú
Me gusta
Ó†ç
Compartir"
Delfin,Local Guide ¬∑ 78 rese√±as ¬∑ 116 fotos,5 estrellas,"Empezamos con las croquetas de bacon ib√©rico, ¬°estaban de muerte! Muy cremosas

Las colas de langostino üç§ no fueron nuestro plato favorito, aunque estaban ricas. ‚Äç

Luego lleg√≥ el pulpo con oreja üêô (fuera de carta), ¬°nos encant√≥! Somos fans del pulpo y este estaba perfecto.

Y como no pod√≠a faltar, la panceta ü•ì, el plato estrella del lugar. ¬°Simplemente espectacular!

Para cerrar con broche de oro, la crema de lim√≥n con sorbete üçã, refrescante y deliciosa.
Sin duda, repetiremos seguro. ¬°Recomendable 100%!",Hace 7 meses,"Delfin
Local Guide ¬∑ 78 rese√±as ¬∑ 116 fotos
Óóî
Ó†∏
Ó†∏
Ó†∏
Ó†∏
Ó†∏
Hace 7 meses
Empezamos con las croquetas de bacon ib√©rico, ¬°estaban de muerte! Muy cremosas

Las colas de langostino üç§ no fueron nuestro plato favorito, aunque estaban ricas. ‚Äç

Luego lleg√≥ el pulpo con oreja üêô (fuera de carta), ¬°nos encant√≥! Somos fans del pulpo y este estaba perfecto.

Y como no pod√≠a faltar, la panceta ü•ì, el plato estrella del lugar. ¬°Simplemente espectacular!

Para cerrar con broche de oro, la crema de lim√≥n con sorbete üçã, refrescante y deliciosa.
Sin duda, repetiremos seguro. ¬°Recomendable 100%!
Precio por persona
30-40 ‚Ç¨
Comida: 5
Servicio: 5
Ambiente: 5
Platos recomendados
Panceta Asada Mojo Rojo Y Chimichurri Casero Picante
8 m√°s
Ó£ú
1
Ó†ç
Compartir"
Sonia GARCIA,Local Guide ¬∑ 227 rese√±as ¬∑ 928 fotos,4 estrellas,"Bonito restaurante en el centro aunque a su vez apartado de otros. Platos con buena presentaci√≥n y buen sabor, aunque a mi gusto algunos con exceso de mayonesa o salsas similares. Recomendable, creo que volver√©.",Hace un a√±o,"Sonia GARCIA
Local Guide ¬∑ 227 rese√±as ¬∑ 928 fotos
Óóî
Ó†∏
Ó†∏
Ó†∏
Ó†∏
Ó†∏
Hace un a√±o
Bonito restaurante en el centro aunque a su vez apartado de otros. Platos con buena presentaci√≥n y buen sabor, aunque a mi gusto algunos con exceso de mayonesa o salsas similares. Recomendable, creo que volver√©.
Precio por persona
20-30 ‚Ç¨
Platos recomendados
Croquetas de Jam√≥n Y Gallina y Bandada de Bacalao Asadillo de Verduras Romesco Y Ajo Negro
4 m√°s
Ó£ú
Me gusta
Ó†ç
Compartir"
Javier Fauro,Local Guide ¬∑ 311 rese√±as ¬∑ 2.391 fotos,5 estrellas,"Platos muy elaborados, sabores espectaculares! Las croquetas, sublimes. Por supuesto, debes pedir la panceta!!!",Hace 5 meses,"Javier Fauro
Local Guide ¬∑ 311 rese√±as ¬∑ 2.391 fotos
Óóî
Ó†∏
Ó†∏
Ó†∏
Ó†∏
Ó†∏
Hace 5 meses
Platos muy elaborados, sabores espectaculares! Las croquetas, sublimes. Por supuesto, debes pedir la panceta!!!
Precio por persona
40-50 ‚Ç¨
Comida: 5
Servicio: 5
Ambiente: 5
Platos recomendados
Langostinos Crujientes, Croquetas de Jam√≥n Y Gallina, Carpaccio de Presa Iberica, Panceta Asada Mojo Rojo Y Chimichurri Casero Picante y Carpaccio de Lomo de Vaca
13 m√°s
Ó£ú
Me gusta
Ó†ç
Compartir"
Celia Lahuerta,Local Guide ¬∑ 104 rese√±as ¬∑ 269 fotos,5 estrellas,"Un imprescindible en Zaragoza!
Excelente calidad en los platos. Cuidando mucho el detalle.

Probamos la sobrasada, la panceta y el ravioli que estaba todo riqu√≠simo! Sin desmerecer a las croquetas, que siempre son un √©xito! üòã

Pero el gran descubrimiento fue la oreja con pur√© de patata!! Estaba muy muy tierna y sabrosa!

La atenci√≥n es estupenda, las camareras son muy simp√°ticas y te aconsejan la cantidad a pedir.

S√∫per recomendable!!! üôåüôå",Hace un a√±o,"Celia Lahuerta
Local Guide ¬∑ 104 rese√±as ¬∑ 269 fotos
Óóî
Ó†∏
Ó†∏
Ó†∏
Ó†∏
Ó†∏
Hace un a√±o
Un imprescindible en Zaragoza!
Excelente calidad en los platos. Cuidando mucho el detalle.

Probamos la sobrasada, la panceta y el ravioli que estaba todo riqu√≠simo! Sin desmerecer a las croquetas, que siempre son un √©xito! üòã

Pero el gran descubrimiento fue la oreja con pur√© de patata!! Estaba muy muy tierna y sabrosa!

La atenci√≥n es estupenda, las camareras son muy simp√°ticas y te aconsejan la cantidad a pedir.

S√∫per recomendable!!! üôåüôå
Servicio
Com√≠ all√≠
Tipo de comida
Cena
Precio por persona
20-30 ‚Ç¨
Platos recomendados
Croquetas de Jam√≥n Y Gallina, Panceta Asada Mojo Rojo Y Chimichurri Casero Picante y Oreja A la Plancha Con Patatas Revolconas
Ó£ú
3
Ó†ç
Compartir"
Sheyla,Local Guide ¬∑ 32 rese√±as ¬∑ 76 fotos,5 estrellas,"Fuimos en grupo a comer aprovechando el puente.
El local est√° algo alejado de la zona c√©ntrica de bares pero merece la pena acercarse dando un paseo.
La relaci√≥n calidad precio es muy buena.

Platos muy ricos, menci√≥n especial a las croquetas de jam√≥n y gallina (riqu√≠simas).",Hace un a√±o,"Sheyla
Local Guide ¬∑ 32 rese√±as ¬∑ 76 fotos
Óóî
Ó†∏
Ó†∏
Ó†∏
Ó†∏
Ó†∏
Hace un a√±o
Fuimos en grupo a comer aprovechando el puente.
El local est√° algo alejado de la zona c√©ntrica de bares pero merece la pena acercarse dando un paseo.
La relaci√≥n calidad precio es muy buena.

Platos muy ricos, menci√≥n especial a las croquetas de jam√≥n y gallina (riqu√≠simas).
Servicio
Com√≠ all√≠
Tipo de comida
Comida
Precio por persona
20-30 ‚Ç¨
Comida: 5
Servicio: 5
Ambiente: 5
Platos recomendados
Croquetas de Jam√≥n Y Gallina y Burrata Con Tomate Con Salmorejo
Ó£ú
Me gusta
Ó†ç
Compartir"
Gema P√©rez,Local Guide ¬∑ 54 rese√±as ¬∑ 192 fotos,5 estrellas,"Atenci√≥n y comida maravillosa.
No sabr√≠a elegir qu√© me ha gustado m√°s, todo espectacular a un precio genial.
Muy sorprendente y recomendable el postre de fruta de la pasi√≥n!!
Como detalle, en el momento pedimos una vela para poner en el postre ya que era celebraci√≥n de cumplea√±os: trajeron un plato, con una vela en una nube de chuche y nata, y en el plato escrito felicidades. Un detalle que nos encant√≥ y dice mucho de ellos.",Hace un a√±o,"Gema P√©rez
Local Guide ¬∑ 54 rese√±as ¬∑ 192 fotos
Óóî
Ó†∏
Ó†∏
Ó†∏
Ó†∏
Ó†∏
Hace un a√±o
Atenci√≥n y comida maravillosa.
No sabr√≠a elegir qu√© me ha gustado m√°s, todo espectacular a un precio genial.
Muy sorprendente y recomendable el postre de fruta de la pasi√≥n!!
Como detalle, en el momento pedimos una vela para poner en el postre ya que era celebraci√≥n de cumplea√±os: trajeron un plato, con una vela en una nube de chuche y nata, y en el plato escrito felicidades. Un detalle que nos encant√≥ y dice mucho de ellos.
6 m√°s
Ó£ú
2
Ó†ç
Compartir"
Andrea Cabello,Local Guide ¬∑ 118 rese√±as ¬∑ 72 fotos,5 estrellas,"Espectacular comida, trato y ambiente. Servicio impecable, comida sabrosa e innovadora. Con especial rese√±a en la crema de cebolla de Las Fuentes, incre√≠ble.
Gran descubrimiento. Repetiremos fijo.",Hace 11 meses,"Andrea Cabello
Local Guide ¬∑ 118 rese√±as ¬∑ 72 fotos
Óóî
Ó†∏
Ó†∏
Ó†∏
Ó†∏
Ó†∏
Hace 11 meses
Espectacular comida, trato y ambiente. Servicio impecable, comida sabrosa e innovadora. Con especial rese√±a en la crema de cebolla de Las Fuentes, incre√≠ble.
Gran descubrimiento. Repetiremos fijo.
Precio por persona
30-40 ‚Ç¨
Comida: 5
Servicio: 5
Ambiente: 4
Platos recomendados
Croquetas de Jam√≥n Y Gallina y Panceta Asada Mojo Rojo Y Chimichurri Casero Picante
2 m√°s
Ó£ú
Me gusta
Ó†ç
Compartir"
David Larreal (El del sombrero),39 rese√±as ¬∑ 103 fotos,3 estrellas,"Una visita en este lugar! Entre la ensalada d√© burrata ( 15‚Ç¨) colas de langostino (15‚Ç¨) y un carpaccio tambi√©n sobre los (15‚Ç¨) un total de 45‚Ç¨ un poco exuberante sin contar las bebidas las croquetas y el postre.  para un resultado final sobre los 60 ‚Ç¨ entre dos personas, la atenci√≥n fue buena, imposible para aparcar.",Hace un a√±o,"David Larreal (El del sombrero)
39 rese√±as ¬∑ 103 fotos
Óóî
Ó†∏
Ó†∏
Ó†∏
Ó†∏
Ó†∏
Hace un a√±o
Una visita en este lugar! Entre la ensalada d√© burrata ( 15‚Ç¨) colas de langostino (15‚Ç¨) y un carpaccio tambi√©n sobre los (15‚Ç¨) un total de 45‚Ç¨ un poco exuberante sin contar las bebidas las croquetas y el postre.  para un resultado final sobre los 60 ‚Ç¨ entre dos personas, la atenci√≥n fue buena, imposible para aparcar.
3 m√°s
Ó£ú
Me gusta
Ó†ç
Compartir"
Jonathan LG,Local Guide ¬∑ 34 rese√±as ¬∑ 96 fotos,5 estrellas,"Fuimos el fin de semana a Zaragoza y nos gustaron mucho las rese√±as de este sitio (spoiler: totalmente ciertas)

Llegamos pronto, pero no hab√≠amos reservado mesa. A pesar de todo nos hicieron un hueco ya que estaban completos y gracias a Dios... Porque menudo arroz cremoso con parmesano que tienen... Vayas a la hora que vayas el d√≠a que sea, elecci√≥n obligatoria!! Posiblemente haya sido el mejor arroz de este estilo que he probado. Lo acompa√±amos de un carpaccio y una croqueta de cada para dos personas, nos quedamos muy bien con esa cantidad. De postre compartimos la tartaleta de manzana y el flan de queso (fuera de carta)

Si que es verdad que esperaba algo m√°s de variedad en las cervezas, ya que en el cartel pone ""cervecer√≠a"" y solo hab√≠a dos opciones.

La amabilidad del personal tambi√©n resalta por encima de la media.",Hace un a√±o,"Jonathan LG
Local Guide ¬∑ 34 rese√±as ¬∑ 96 fotos
Óóî
Ó†∏
Ó†∏
Ó†∏
Ó†∏
Ó†∏
Hace un a√±o
Fuimos el fin de semana a Zaragoza y nos gustaron mucho las rese√±as de este sitio (spoiler: totalmente ciertas)

Llegamos pronto, pero no hab√≠amos reservado mesa. A pesar de todo nos hicieron un hueco ya que estaban completos y gracias a Dios... Porque menudo arroz cremoso con parmesano que tienen... Vayas a la hora que vayas el d√≠a que sea, elecci√≥n obligatoria!! Posiblemente haya sido el mejor arroz de este estilo que he probado. Lo acompa√±amos de un carpaccio y una croqueta de cada para dos personas, nos quedamos muy bien con esa cantidad. De postre compartimos la tartaleta de manzana y el flan de queso (fuera de carta)

Si que es verdad que esperaba algo m√°s de variedad en las cervezas, ya que en el cartel pone ""cervecer√≠a"" y solo hab√≠a dos opciones.

La amabilidad del personal tambi√©n resalta por encima de la media.
2 m√°s
Ó£ú
Me gusta
Ó†ç
Compartir"
Coupage Unique,Local Guide ¬∑ 285 rese√±as ¬∑ 1.979 fotos,4 estrellas,"Uno de los mejores lugares de Zaragoza en relaci√≥n calidad-precio.

Cocina con mucho sabor y matices. Una carta muy variada y sugerencias fuera de carta fant√°sticas.

Decoraci√≥n moderna y servicio muy amable, siempre recomendable.",Hace un a√±o,"Coupage Unique
Local Guide ¬∑ 285 rese√±as ¬∑ 1.979 fotos
Óóî
Ó†∏
Ó†∏
Ó†∏
Ó†∏
Ó†∏
Hace un a√±o
Uno de los mejores lugares de Zaragoza en relaci√≥n calidad-precio.

Cocina con mucho sabor y matices. Una carta muy variada y sugerencias fuera de carta fant√°sticas.

Decoraci√≥n moderna y servicio muy amable, siempre recomendable.
Tipo de comida
Comida
Precio por persona
30-40 ‚Ç¨
Comida: 4
Servicio: 4
Ambiente: 4
Platos recomendados
Burrata Con Tomate Con Salmorejo y Panceta Asada Mojo Rojo Y Chimichurri Casero Picante
6 m√°s
Ó£ú
2
Ó†ç
Compartir"
Dani Polo Plaza,Local Guide ¬∑ 11 rese√±as ¬∑ 40 fotos,5 estrellas,"Un sitio muy agradable en el que probar comida de alta calidad y nuevos sabores.
Llam√© en el d√≠a para realizar la reserva, y dado que ten√≠an una gran cantidad de clientela, nos pudieron sentar en la barra, que est√° a la altura de una mesa normal y se pod√≠a comer confortablemente.
Las camareras, tuvieron un gran trato y fueron muy amables en todo momento.

Para comer, pedimos un foie, fuera de carta, acompa√±ado de unas tostadas, la √∫nica pega posible, la cantidad de mostaza que ven√≠a acompa√±ando el plato, que para nuestro gusto, le quitaba un poco el sabor.
El huevo poch√©,sin embargo, ten√≠a otro concepto al que est√°bamos acostumbrados y no nos convenci√≥ mucho.
Para finalizar, probamos el carpaccio de lomo, que estaba espectacular; y haciendo honor al sitio, no nos quedamos con las ganas de testar la panceta asada.
Como culmen, los postres, nos sorprendieron gratamente, ya que ten√≠an un estilo de alta cocina con el que sorprender todos tus sentidos, de obligado pedimento tanto La Crema de Fruta de la Pasi√≥n como El Cremoso de Chocolate Blanco.",Hace un a√±o,"Dani Polo Plaza
Local Guide ¬∑ 11 rese√±as ¬∑ 40 fotos
Óóî
Ó†∏
Ó†∏
Ó†∏
Ó†∏
Ó†∏
Hace un a√±o
Un sitio muy agradable en el que probar comida de alta calidad y nuevos sabores.
Llam√© en el d√≠a para realizar la reserva, y dado que ten√≠an una gran cantidad de clientela, nos pudieron sentar en la barra, que est√° a la altura de una mesa normal y se pod√≠a comer confortablemente.
Las camareras, tuvieron un gran trato y fueron muy amables en todo momento.

Para comer, pedimos un foie, fuera de carta, acompa√±ado de unas tostadas, la √∫nica pega posible, la cantidad de mostaza que ven√≠a acompa√±ando el plato, que para nuestro gusto, le quitaba un poco el sabor.
El huevo poch√©,sin embargo, ten√≠a otro concepto al que est√°bamos acostumbrados y no nos convenci√≥ mucho.
Para finalizar, probamos el carpaccio de lomo, que estaba espectacular; y haciendo honor al sitio, no nos quedamos con las ganas de testar la panceta asada.
Como culmen, los postres, nos sorprendieron gratamente, ya que ten√≠an un estilo de alta cocina con el que sorprender todos tus sentidos, de obligado pedimento tanto La Crema de Fruta de la Pasi√≥n como El Cremoso de Chocolate Blanco.
Servicio
Com√≠ all√≠
Tipo de comida
Cena
Precio por persona
70-80 ‚Ç¨
5 m√°s
Ó£ú
1
Ó†ç
Compartir"
Irene Pellegero,Local Guide ¬∑ 31 rese√±as ¬∑ 89 fotos,5 estrellas,"Una maravilla de restaurante. Personal amabil√≠simo, comida siempre espectacular y precio muy competitivo. El local estaba lleno, pero sin agobiar. Pedimos croquetas, Ravioli de setas, un sashimi de at√∫n y esp√°rragos de Navarra con vichysoise que ten√≠an fuera de carta, pimienticos asados, sobrasada y panceta. Todo para compartir y todo riqu√≠simo.",Hace un a√±o,"Irene Pellegero
Local Guide ¬∑ 31 rese√±as ¬∑ 89 fotos
Óóî
Ó†∏
Ó†∏
Ó†∏
Ó†∏
Ó†∏
Hace un a√±o
Una maravilla de restaurante. Personal amabil√≠simo, comida siempre espectacular y precio muy competitivo. El local estaba lleno, pero sin agobiar. Pedimos croquetas, Ravioli de setas, un sashimi de at√∫n y esp√°rragos de Navarra con vichysoise que ten√≠an fuera de carta, pimienticos asados, sobrasada y panceta. Todo para compartir y todo riqu√≠simo.
Servicio
Com√≠ all√≠
Tipo de comida
Comida
Precio por persona
20-30 ‚Ç¨
Comida: 5
Servicio: 5
Ambiente: 5
Ó£ú
Me gusta
Ó†ç
Compartir"
isabel g. b.,Local Guide ¬∑ 21 rese√±as ¬∑ 2 fotos,5 estrellas,"El pasado s√°bado descubrimos este estupendo restaurante,  una oferta muy variada de platos. Elegimos varios para compartir y estaban todos riqu√≠simos. Buen equilibrio entre la calidad y le precio. Atenci√≥n muy amable. Seguro que repetimos",Hace 3 meses,"isabel g. b.
Local Guide ¬∑ 21 rese√±as ¬∑ 2 fotos
Óóî
Ó†∏
Ó†∏
Ó†∏
Ó†∏
Ó†∏
Hace 3 meses
El pasado s√°bado descubrimos este estupendo restaurante,  una oferta muy variada de platos. Elegimos varios para compartir y estaban todos riqu√≠simos. Buen equilibrio entre la calidad y le precio. Atenci√≥n muy amable. Seguro que repetimos
Precio por persona
20-30 ‚Ç¨
Comida: 5
Servicio: 5
Ambiente: 5
Ó£ú
Me gusta
Ó†ç
Compartir"
Andr√©s Cardona Sola,20 rese√±as ¬∑ 15 fotos,5 estrellas,"De las mejores cenas de mi vida, sin rodeos, sitio al que hay que ir, muy recomendable reservar, todo exquisito, presentacion muy buena, camareros muy agradables y servicio muy r√°pido, el sitio es muy bonito tambi√©n. Pedimos los langostinos, buen√≠simos, el risotto, buen√≠simo y distinto, la menestra de setas fuera de carta, buen√≠sima y los raviolis, que fue lo √∫nico que no me convenci√≥, porque me gusta la pasta m√°s al dente, aunque eso es m√°s personal, a√∫n as√≠ todas las salsas de todos platos est√°n tremendas, creo que nos comimos una barra de pan untando. Los postres muy bonitos y originales, tarta de manzana, cremoso de chocolate blanco y flan de queso, este √∫ltimo el que m√°s nos gust√≥.",Hace un a√±o,"Andr√©s Cardona Sola
20 rese√±as ¬∑ 15 fotos
Óóî
Ó†∏
Ó†∏
Ó†∏
Ó†∏
Ó†∏
Hace un a√±o
De las mejores cenas de mi vida, sin rodeos, sitio al que hay que ir, muy recomendable reservar, todo exquisito, presentacion muy buena, camareros muy agradables y servicio muy r√°pido, el sitio es muy bonito tambi√©n. Pedimos los langostinos, buen√≠simos, el risotto, buen√≠simo y distinto, la menestra de setas fuera de carta, buen√≠sima y los raviolis, que fue lo √∫nico que no me convenci√≥, porque me gusta la pasta m√°s al dente, aunque eso es m√°s personal, a√∫n as√≠ todas las salsas de todos platos est√°n tremendas, creo que nos comimos una barra de pan untando. Los postres muy bonitos y originales, tarta de manzana, cremoso de chocolate blanco y flan de queso, este √∫ltimo el que m√°s nos gust√≥.
3 m√°s
Ó£ú
Me gusta
Ó†ç
Compartir"
Andr√©s Fdez,33 rese√±as ¬∑ 12 fotos,5 estrellas,"Ambiente muy bueno, sin ruidos y con un personal de 10. Fui a comer con mi pareja y nos trataron muy bien. La comida estaba buen√≠sima. Comimos unas croquetas, el pulpo, los raviolis, el arroz caldoso y el postre de chocolate. Todo recomendado al 100%. No subo las fotos del pulpo porque est√°n fatal hechas y las croquetas no hice foto.",Hace un a√±o,"Andr√©s Fdez
33 rese√±as ¬∑ 12 fotos
Óóî
Ó†∏
Ó†∏
Ó†∏
Ó†∏
Ó†∏
Hace un a√±o
Ambiente muy bueno, sin ruidos y con un personal de 10. Fui a comer con mi pareja y nos trataron muy bien. La comida estaba buen√≠sima. Comimos unas croquetas, el pulpo, los raviolis, el arroz caldoso y el postre de chocolate. Todo recomendado al 100%. No subo las fotos del pulpo porque est√°n fatal hechas y las croquetas no hice foto.
Servicio
Com√≠ all√≠
Tipo de comida
Comida
Comida: 5
Servicio: 5
Ambiente: 5
Ó£ú
Me gusta
Ó†ç
Compartir"
DC Vega,13 rese√±as,5 estrellas,"He ido a comer hoy con mi mujer por primera vez..
Comida excelente y atenci√≥n maravillosa del personal....
No volveremos pronto... Sobre las marcha ya he reservado para ir a cenar hoy mismo con toda familia porque nos hemos quedado con ganas de probar m√°s cosas...
Muy bueno!",Hace 3 meses,"DC Vega
13 rese√±as
Óóî
Ó†∏
Ó†∏
Ó†∏
Ó†∏
Ó†∏
Hace 3 meses
He ido a comer hoy con mi mujer por primera vez..
Comida excelente y atenci√≥n maravillosa del personal....
No volveremos pronto... Sobre las marcha ya he reservado para ir a cenar hoy mismo con toda familia porque nos hemos quedado con ganas de probar m√°s cosas...
Muy bueno!
Precio por persona
20-30 ‚Ç¨
Comida: 5
Servicio: 5
Ambiente: 5
Platos recomendados
Panceta Asada Mojo Rojo Y Chimichurri Casero Picante
Ó£ú
Me gusta
Ó†ç
Compartir"
Carlos Roda,Local Guide ¬∑ 47 rese√±as ¬∑ 65 fotos,5 estrellas,"Lugar reducido, pero con mucha calidad de materia prima. Sobre 30 comensales. Platos elaborados digno de un  restaurante de alto nivel. Mucho potencial por su calidad. Servicio muy r√°pido y se nota que est√°n entrenados para dar a basto a m√°s de dos servicios por mesa sin bajar su calidad. Los postres de cual m√°s bueno. Volveremos.",Hace 4 a√±os,"Carlos Roda
Local Guide ¬∑ 47 rese√±as ¬∑ 65 fotos
Óóî
Ó†∏
Ó†∏
Ó†∏
Ó†∏
Ó†∏
Hace 4 a√±os
Lugar reducido, pero con mucha calidad de materia prima. Sobre 30 comensales. Platos elaborados digno de un  restaurante de alto nivel. Mucho potencial por su calidad. Servicio muy r√°pido y se nota que est√°n entrenados para dar a basto a m√°s de dos servicios por mesa sin bajar su calidad. Los postres de cual m√°s bueno. Volveremos.
12 m√°s
Ó£ú
3
Ó†ç
Compartir"
